START TRANSACTION;
CREATE TABLE IF NOT EXISTS `users` (
    `user_id`    INT NOT NULL UNIQUE,
    `user_name`    VARCHAR(255) NOT NULL,
    `birthplace`    VARCHAR(255) NOT NULL,
    `password`    VARCHAR(255),
    `token`    VARCHAR(255),
    `last_update`    DATETIME,
    PRIMARY KEY(`user_id`)
);
CREATE TABLE IF NOT EXISTS `products` (
    `product_id` INT NOT NULL UNIQUE,
    `product_name` VARCHAR(255) NOT NULL,
    `price` INT NOT NULL,
    `product_qrcode` INT NOT NULL UNIQUE,
    `quantity` INT NOT NULL,
    `last_update` DATETIME,
    PRIMARY KEY(`product_id`)
);
CREATE TABLE IF NOT EXISTS `tax` (
    `tax_id` INT NOT NULL UNIQUE,
    `tax_code` INT NOT NULL UNIQUE,
    `tax_name` VARCHAR(255) NOT NULL,
    `tax_percent` DECIMAL(5,2) NOT NULL,
    PRIMARY KEY(`tax_id`)
);
CREATE TABLE IF NOT EXISTS `trades` (
    `trade_id` INT NOT NULL UNIQUE,
    `buy_time` DATETIME,
    `staff_id` INT NOT NULL,
    `machine_id` INT NOT NULL,
    `store_id` VARCHAR(255) NOT NULL,
    `total_charge` DECIMAL(10,2) NOT NULL,
    `total_charge_wo_tax` DECIMAL(10,2) NOT NULL,
    `user_id` INT,
    PRIMARY KEY(`trade_id`)
) AUTO_INCREMENT=1;
CREATE TABLE IF NOT EXISTS `deal_details` (
    `deal_id` INT NOT NULL UNIQUE,
    `event_id` INT,
    `quantity` INT NOT NULL,
    `product_qrcode` INT NOT NULL,
    `product_name` VARCHAR(255) NOT NULL,
    `price` INT NOT NULL,
    `tax_percent` DECIMAL(5,2) NOT NULL,
    `buy_time` DATETIME NOT NULL,
    PRIMARY KEY(`deal_id`)
);
INSERT INTO "users" VALUES (1,'本橋 一真','東京都','1','eyJhbGciOiJIUzI1NiIsInR5cCI6IkpXVCJ9.eyJmcmVzaCI6ZmFsc2UsImlhdCI6MTcwNjk2NTk2NywianRpIjoiOGMxZjk3YTItNmNmMC00MjM4LTk0ZGUtZjQ5M2Q0MDRlYmE2IiwidHlwZSI6ImFjY2VzcyIsInN1YiI6Ilx1NjcyY1x1NmE0YiBcdTRlMDBcdTc3MWYiLCJuYmYiOjE3MDY5NjU5NjcsImNzcmYiOiIyOTYxN2VlMC1kODUwLTRiNjAtYWQzYS00NjFlMGM1YjczYmYiLCJleHAiOjE3MDY5NjY4Njd9.8_HOr6ZY57N8_MuSAt0EM6YLHL7YKEzmoA2yL2ntJB8','2024-02-03 22:12:47.030526');
INSERT INTO "users" VALUES (2,'寺尾 真二','愛知県','2','eyJhbGciOiJIUzI1NiIsInR5cCI6IkpXVCJ9.eyJmcmVzaCI6ZmFsc2UsImlhdCI6MTcwNzk5NjU5OCwianRpIjoiYzYxMzA3NTMtZjQxYS00OTEwLWJhOGMtMmQxZjgzMTI0OTg4IiwidHlwZSI6ImFjY2VzcyIsInN1YiI6Ilx1NWJmYVx1NWMzZSBcdTc3MWZcdTRlOGMiLCJuYmYiOjE3MDc5OTY1OTgsImNzcmYiOiJjZTE0YzI5MC01ZjYyLTRiMTEtOGNkMC1jYTdlN2I2ZGEzN2EiLCJleHAiOjE3MDc5OTc0OTh9.4VpOoJuJnugY86yzgM5DHPq0Bu0eDodHnnCqL5qJVvA','2024-02-15 20:29:58.000414');
INSERT INTO "users" VALUES (3,'三村 和香','三重県','3','eyJhbGciOiJIUzI1NiIsInR5cCI6IkpXVCJ9.eyJmcmVzaCI6ZmFsc2UsImlhdCI6MTcwNzk5Njg5MSwianRpIjoiYjY0MTgyMGMtNTNjYi00ZDY3LWE4ZTQtZDIxZjg4MDM3ZmUzIiwidHlwZSI6ImFjY2VzcyIsInN1YiI6Ilx1NGUwOVx1Njc1MSBcdTU0OGNcdTk5OTkiLCJuYmYiOjE3MDc5OTY4OTEsImNzcmYiOiJlNmU1YzYyZi03Njc5LTQ3MDEtOTM4Mi0wY2I1ZTIwYzNmNzQiLCJleHAiOjE3MDc5OTc3OTF9.u3kJ19sHcPS-wE4wNK75Bp4FCsc1z7dHIru2nZVLVKE','2024-02-15 20:34:51.184365');
INSERT INTO "users" VALUES (4,'小澤欣也','？？県','4','eyJhbGciOiJIUzI1NiIsInR5cCI6IkpXVCJ9.eyJmcmVzaCI6ZmFsc2UsImlhdCI6MTcwNzk5OTc5MywianRpIjoiZTZiYzQ2ZTEtZDY3Zi00MWNlLTg3ZjctZDMyMWE4MjhiN2ViIiwidHlwZSI6ImFjY2VzcyIsInN1YiI6Ilx1NWMwZlx1NmZhNFx1NmIyM1x1NGU1ZiIsIm5iZiI6MTcwNzk5OTc5MywiY3NyZiI6IjI5NmExYWM3LWE4MTItNDg4ZS05NjAwLWQzMTlmMDNhNTFjNiIsImV4cCI6MTcwODAwMDY5M30.m4eLYeUDKUmo468uy4HdtB6BasoDvnIniP5hgvrFIY8','2024-02-15 21:23:13.573459');
INSERT INTO "users" VALUES (5,'中村 剛','千葉県','5','eyJhbGciOiJIUzI1NiIsInR5cCI6IkpXVCJ9.eyJmcmVzaCI6ZmFsc2UsImlhdCI6MTcwNjk2NjA0NiwianRpIjoiZDE0MjRmYjMtYjRkNC00YWU4LWI4NTEtODRiNjk5NWE2MWVmIiwidHlwZSI6ImFjY2VzcyIsInN1YiI6Ilx1NGUyZFx1Njc1MSBcdTUyNWIiLCJuYmYiOjE3MDY5NjYwNDYsImNzcmYiOiI4MGZhNWFjNC1jM2Q0LTQwM2UtYTcwZC1hYzFlZjAwN2IxYTYiLCJleHAiOjE3MDY5NjY5NDZ9.H8RoDPytnClTbkIJYRLZP9YWcYznXAWhQIB-nqZoW-U','2024-02-03 22:14:06.069604');
INSERT INTO "users" VALUES (6,'成瀬 あかり','滋賀県','6','eyJhbGciOiJIUzI1NiIsInR5cCI6IkpXVCJ9.eyJmcmVzaCI6ZmFsc2UsImlhdCI6MTcwNjk2NjA2NCwianRpIjoiMzQ1Zjc0NzctOTU1Ny00MjA4LWJmN2EtNzIyZTc3MTBkODllIiwidHlwZSI6ImFjY2VzcyIsInN1YiI6Ilx1NjIxMFx1NzAyYyBcdTMwNDJcdTMwNGJcdTMwOGEiLCJuYmYiOjE3MDY5NjYwNjQsImNzcmYiOiI2OTdmYTczNi1mMGIyLTQ0MjItYWNjYy01MTZiYzJhMDBiNTUiLCJleHAiOjE3MDY5NjY5NjR9.Z3LEw-uB7mYocDmqXI1ZNurq1DYMiZWpcB_tjuaWhMk','2024-02-03 22:14:24.471905');
INSERT INTO "users" VALUES (8,'馬場裕子','兵庫県','8','eyJhbGciOiJIUzI1NiIsInR5cCI6IkpXVCJ9.eyJmcmVzaCI6ZmFsc2UsImlhdCI6MTcwNzk5OTYyMiwianRpIjoiZjNhMzQ0MTMtMWFlOC00MjM4LWE3NGMtNTkyZjc4ZTQ1NDY0IiwidHlwZSI6ImFjY2VzcyIsInN1YiI6Ilx1OTlhY1x1NTgzNFx1ODhkNVx1NWI1MCIsIm5iZiI6MTcwNzk5OTYyMiwiY3NyZiI6IjE0ZTcwNDZkLWFkNjQtNDQwNC05ZDkzLTMwN2QxMmFhZDgzNyIsImV4cCI6MTcwODAwMDUyMn0.bySx5J-yfLbnH7jGL91vIBBjImvAT9IfAOASLJ29OEg','2024-02-15 21:20:22.701774');
INSERT INTO "products" VALUES (1,'うまい棒',10,1,1,'2024-01-23 19:52:08.601360');
INSERT INTO "products" VALUES (2,'花串カステラ',30,2,1,'2024-01-23 19:52:08.601360');
INSERT INTO "products" VALUES (3,'ココアシガレット',30,3,1,'2024-02-04 17:47:52.927313');
INSERT INTO "products" VALUES (4,'カットよっちゃん',20,4,1,'2024-02-04 17:47:52.927313');
INSERT INTO "products" VALUES (5,'クッピーラムネ',10,5,1,'2024-02-04 17:47:52.927313');
INSERT INTO "products" VALUES (6,'どんぐりガム',10,6,1,'2024-02-04 17:47:52.927313');
INSERT INTO "products" VALUES (7,'チロルチョコ',20,7,1,'2024-02-04 17:50:36.570588');
INSERT INTO "products" VALUES (8,'イカの姿フライ',50,8,1,'2024-02-04 17:50:36.570588');
INSERT INTO "products" VALUES (9,'やまとの味カレー',40,9,1,'2024-02-04 17:50:36.570588');
INSERT INTO "products" VALUES (10,'東豊製菓のポテトフライ',30,10,1,'2024-02-04 17:50:36.570588');
INSERT INTO "tax" VALUES (1,10,'10%',0.1);
INSERT INTO "tax" VALUES (2,8,'8%',0.08);
INSERT INTO "trades" VALUES (1,'2024-02-05 21:19:27.655256',1,1,'1',1100,1000.0,1);
INSERT INTO "trades" VALUES (5,'2024-02-05 21:19:27.655256',1,1,'1',1100,1000.0,1);
INSERT INTO "trades" VALUES (6,'2024-02-05 21:19:27.655256',1,1,'1',1100,1000.0,1);
INSERT INTO "trades" VALUES (7,'2024-02-12 07:17:59.236000',1,1,'1',1793,1630.0,1);
INSERT INTO "trades" VALUES (8,'2024-02-15 11:35:18.177000',1,1,'1',55,50.0,3);
INSERT INTO "trades" VALUES (9,'2024-02-15 11:48:56.673000',1,1,'1',528,480.0,3);
INSERT INTO "trades" VALUES (10,'2024-02-15 11:51:20.680000',1,1,'1',220,200.0,3);
INSERT INTO "trades" VALUES (11,'2024-02-15 20:54:42.376000',1,1,'1',132,120.0,3);
INSERT INTO "trades" VALUES (12,'2024-02-15 12:05:34.048000',1,1,'1',176,160.0,3);
INSERT INTO "trades" VALUES (13,'2024-02-15 21:11:05.527000+09:00',1,1,'1',22,20.0,3);
INSERT INTO "trades" VALUES (14,'2024-02-15 21:16:47.758000+09:00',1,1,'1',0,0.0,3);
INSERT INTO "trades" VALUES (15,'2024-02-15 21:17:29.663000+09:00',1,1,'1',33,30.0,2);
INSERT INTO "trades" VALUES (16,'2024-02-15 21:20:44.271000+09:00',1,1,'1',22,20.0,8);
INSERT INTO "trades" VALUES (17,'2024-02-15 21:31:38.006000+09:00',1,1,'1',22,20.0,4);
INSERT INTO "trades" VALUES (18,'2024-02-15 21:34:43.102000+09:00',1,1,'1',22,20.0,2);
INSERT INTO "trades" VALUES (19,'2024-02-15 21:43:17.277000+09:00',1,1,'1',77,70.0,2);
INSERT INTO "trades" VALUES (20,'2024-02-15 21:53:29.516000+09:00',1,1,'1',77,70.0,2);
INSERT INTO "trades" VALUES (21,'2024-02-15 22:36:01.666000+09:00',1,1,'1',22,20.0,2);
INSERT INTO "trades" VALUES (22,'2024-02-15 23:14:22.143000+09:00',1,1,'1',33,30.0,2);
INSERT INTO "trades" VALUES (23,'2024-02-15 23:20:09.583000+09:00',1,1,'1',55,50.0,2);
INSERT INTO "trades" VALUES (24,'2024-02-15 23:29:57.678000+09:00',1,1,'1',44,40.0,2);
INSERT INTO "trades" VALUES (25,'2024-02-15 23:31:07.230000+09:00',1,1,'1',44,40.0,3);
INSERT INTO "trades" VALUES (26,'2024-02-15 23:44:26.020000+09:00',1,1,'1',66,60.0,2);
INSERT INTO "trades" VALUES (27,'2024-02-16 21:05:19.081000+09:00',1,1,'1',3377,3070.0,2);
INSERT INTO "trades" VALUES (28,'2024-02-16 21:07:24.473000+09:00',1,1,'1',0,0.0,2);
INSERT INTO "trades" VALUES (29,'2024-02-16 21:09:29.521000+09:00',1,1,'1',44,40.0,2);
INSERT INTO "trades" VALUES (30,'2024-02-16 21:11:12.640000+09:00',1,1,'1',44,40.0,2);
INSERT INTO "deal_details" VALUES (1,1,1,1,'うまい棒',10,0.1,'2024-02-05 21:19:27.655256');
INSERT INTO "deal_details" VALUES (2,2,1,1,'うまい棒',10,0.1,'2024-02-05 21:19:32.026812');
INSERT INTO "deal_details" VALUES (3,3,1,2,'花串カステラ',30,0.1,'2024-02-05 21:20:28.430072');
INSERT INTO "deal_details" VALUES (4,4,1,2,'花串カステラ',30,0.1,'2024-02-05 21:24:03.854395');
INSERT INTO "deal_details" VALUES (5,5,1,2,'花串カステラ',30,0.1,'2024-02-05 21:24:04.673873');
INSERT INTO "deal_details" VALUES (6,6,1,2,'花串カステラ',30,0.1,'2024-02-05 21:24:05.725115');
INSERT INTO "deal_details" VALUES (7,7,1,2,'花串カステラ',30,0.1,'2024-02-05 21:24:06.494813');
INSERT INTO "deal_details" VALUES (8,8,1,2,'花串カステラ',30,0.1,'2024-02-05 21:24:07.262549');
INSERT INTO "deal_details" VALUES (9,9,1,2,'花串カステラ',30,0.1,'2024-02-06 21:24:10.465144');
INSERT INTO "deal_details" VALUES (10,9,1,2,'花串カステラ',30,0.1,'2024-02-06 21:24:10.465144');
INSERT INTO "deal_details" VALUES (11,9,1,2,'花串カステラ',30,0.1,'2024-02-06 21:24:10.465144');
INSERT INTO "deal_details" VALUES (12,9,1,2,'花串カステラ',30,0.1,'2024-02-06 21:24:10.465144');
INSERT INTO "deal_details" VALUES (13,10,1,1,'うまい棒',10,0.1,'2024-02-06 22:02:56.923565');
INSERT INTO "deal_details" VALUES (14,10,1,2,'花串カステラ',30,0.1,'2024-02-06 22:02:56.923565');
INSERT INTO "deal_details" VALUES (15,10,1,3,'ココアシガレット',30,0.1,'2024-02-06 22:02:56.923565');
INSERT INTO "deal_details" VALUES (16,10,1,4,'カットよっちゃん',20,0.1,'2024-02-06 22:02:56.923565');
INSERT INTO "deal_details" VALUES (17,10,1,5,'クッピーラムネ',10,0.1,'2024-02-06 22:02:56.923565');
INSERT INTO "deal_details" VALUES (18,10,1,6,'どんぐりガム',10,0.1,'2024-02-06 22:02:56.923565');
INSERT INTO "deal_details" VALUES (19,10,1,7,'チロルチョコ',20,0.1,'2024-02-06 22:02:56.923565');
INSERT INTO "deal_details" VALUES (20,10,1,8,'イカの姿フライ',50,0.1,'2024-02-06 22:02:56.923565');
INSERT INTO "deal_details" VALUES (21,10,1,9,'やまとの味カレー',40,0.1,'2024-02-06 22:02:56.923565');
INSERT INTO "deal_details" VALUES (22,10,1,10,'東豊製菓のポテトフライ',30,0.1,'2024-02-06 22:02:56.923565');
INSERT INTO "deal_details" VALUES (23,10,1,10,'東豊製菓のポテトフライ',30,0.1,'2024-02-06 22:02:56.923565');
INSERT INTO "deal_details" VALUES (24,10,1,10,'東豊製菓のポテトフライ',30,0.1,'2024-02-06 22:02:56.923565');
INSERT INTO "deal_details" VALUES (25,10,1,10,'東豊製菓のポテトフライ',30,0.1,'2024-02-06 22:02:56.923565');
INSERT INTO "deal_details" VALUES (26,11,1,10,'東豊製菓のポテトフライ',30,0.1,'2024-02-06 22:03:56.410565');
INSERT INTO "deal_details" VALUES (27,12,1,10,'東豊製菓のポテトフライ',30,0.1,'2024-02-06 22:11:14.281687');
INSERT INTO "deal_details" VALUES (28,12,1,9,'やまとの味カレー',40,0.1,'2024-02-06 22:11:14.281687');
INSERT INTO "deal_details" VALUES (29,12,1,8,'イカの姿フライ',50,0.1,'2024-02-06 22:11:14.281687');
INSERT INTO "deal_details" VALUES (30,12,1,7,'チロルチョコ',20,0.1,'2024-02-06 22:11:14.281687');
INSERT INTO "deal_details" VALUES (31,12,1,6,'どんぐりガム',10,0.1,'2024-02-06 22:11:14.281687');
INSERT INTO "deal_details" VALUES (32,12,1,5,'クッピーラムネ',10,0.1,'2024-02-06 22:11:14.281687');
INSERT INTO "deal_details" VALUES (33,12,1,4,'カットよっちゃん',20,0.1,'2024-02-06 22:11:14.281687');
INSERT INTO "deal_details" VALUES (34,12,1,3,'ココアシガレット',30,0.1,'2024-02-06 22:11:14.281687');
INSERT INTO "deal_details" VALUES (35,12,1,2,'花串カステラ',30,0.1,'2024-02-06 22:11:14.281687');
INSERT INTO "deal_details" VALUES (36,12,1,1,'うまい棒',10,0.1,'2024-02-06 22:11:14.281687');
INSERT INTO "deal_details" VALUES (37,13,1,1,'うまい棒',10,0.1,'2024-02-06 22:18:57.340350');
INSERT INTO "deal_details" VALUES (38,14,1,1,'うまい棒',10,0.1,'2024-02-06 22:19:06.370064');
INSERT INTO "deal_details" VALUES (39,15,1,10,'東豊製菓のポテトフライ',30,0.1,'2024-02-06 22:22:09.521186');
INSERT INTO "deal_details" VALUES (40,15,1,9,'やまとの味カレー',40,0.1,'2024-02-06 22:22:09.521186');
INSERT INTO "deal_details" VALUES (41,15,1,8,'イカの姿フライ',50,0.1,'2024-02-06 22:22:09.521186');
INSERT INTO "deal_details" VALUES (42,15,1,7,'チロルチョコ',20,0.1,'2024-02-06 22:22:09.521186');
INSERT INTO "deal_details" VALUES (43,15,1,6,'どんぐりガム',10,0.1,'2024-02-06 22:22:09.521186');
INSERT INTO "deal_details" VALUES (44,15,1,5,'クッピーラムネ',10,0.1,'2024-02-06 22:22:09.521186');
INSERT INTO "deal_details" VALUES (45,15,1,4,'カットよっちゃん',20,0.1,'2024-02-06 22:22:09.521186');
INSERT INTO "deal_details" VALUES (46,15,1,3,'ココアシガレット',30,0.1,'2024-02-06 22:22:09.521186');
INSERT INTO "deal_details" VALUES (47,15,1,2,'花串カステラ',30,0.1,'2024-02-06 22:22:09.521186');
INSERT INTO "deal_details" VALUES (48,15,1,1,'うまい棒',10,0.1,'2024-02-06 22:22:09.521186');
INSERT INTO "deal_details" VALUES (49,16,1,1,'うまい棒',10,0.1,'2024-02-06 22:46:31.266962');
INSERT INTO "deal_details" VALUES (50,17,1,1,'うまい棒',10,0.1,'2024-02-06 22:47:01.059563');
INSERT INTO "deal_details" VALUES (51,17,1,1,'うまい棒',10,0.1,'2024-02-06 22:47:01.059563');
INSERT INTO "deal_details" VALUES (52,18,1,1,'うまい棒',10,0.1,'2024-02-06 22:48:26.249648');
INSERT INTO "deal_details" VALUES (53,18,1,1,'うまい棒',10,0.1,'2024-02-06 22:48:26.249648');
INSERT INTO "deal_details" VALUES (54,18,1,2,'花串カステラ',30,0.1,'2024-02-06 22:48:26.249648');
INSERT INTO "deal_details" VALUES (55,19,1,1,'うまい棒',10,0.1,'2024-02-06 23:01:24.788422');
INSERT INTO "deal_details" VALUES (56,19,1,2,'花串カステラ',30,0.1,'2024-02-06 23:01:24.788422');
INSERT INTO "deal_details" VALUES (57,19,1,3,'ココアシガレット',30,0.1,'2024-02-06 23:01:24.788422');
INSERT INTO "deal_details" VALUES (58,19,1,4,'カットよっちゃん',20,0.1,'2024-02-06 23:01:24.788422');
INSERT INTO "deal_details" VALUES (59,19,1,5,'クッピーラムネ',10,0.1,'2024-02-06 23:01:24.788422');
INSERT INTO "deal_details" VALUES (60,19,1,6,'どんぐりガム',10,0.1,'2024-02-06 23:01:24.788422');
INSERT INTO "deal_details" VALUES (61,19,1,7,'チロルチョコ',20,0.1,'2024-02-06 23:01:24.788422');
INSERT INTO "deal_details" VALUES (62,19,1,8,'イカの姿フライ',50,0.1,'2024-02-06 23:01:24.788422');
INSERT INTO "deal_details" VALUES (63,19,1,9,'やまとの味カレー',40,0.1,'2024-02-06 23:01:24.788422');
INSERT INTO "deal_details" VALUES (64,19,1,10,'東豊製菓のポテトフライ',30,0.1,'2024-02-06 23:01:24.788422');
INSERT INTO "deal_details" VALUES (65,20,1,1,'うまい棒',10,0.1,'2024-02-08 23:47:39.002005');
INSERT INTO "deal_details" VALUES (66,21,1,1,'うまい棒',10,0.1,'2024-02-09 19:22:54.134030');
INSERT INTO "deal_details" VALUES (67,21,1,2,'花串カステラ',30,0.1,'2024-02-09 19:22:54.134030');
INSERT INTO "deal_details" VALUES (68,21,1,3,'ココアシガレット',30,0.1,'2024-02-09 19:22:54.134030');
INSERT INTO "deal_details" VALUES (69,22,1,3,'ココアシガレット',30,0.1,'2024-02-09 19:32:40.793795');
INSERT INTO "deal_details" VALUES (70,22,1,4,'カットよっちゃん',20,0.1,'2024-02-09 19:32:40.793795');
INSERT INTO "deal_details" VALUES (71,22,1,7,'チロルチョコ',20,0.1,'2024-02-09 19:32:40.793795');
INSERT INTO "deal_details" VALUES (72,1,2,1,'うまい棒',10,0.1,'2024-02-05T21:19:27.655Z');
INSERT INTO "deal_details" VALUES (73,1,1,2,'花串カステラ',30,0.1,'2024-02-05T21:19:27.655Z');
INSERT INTO "deal_details" VALUES (74,1,2,1,'うまい棒',10,0.1,'2024-02-05T21:19:27.655Z');
INSERT INTO "deal_details" VALUES (75,1,1,2,'花串カステラ',30,0.1,'2024-02-05T21:19:27.655Z');
INSERT INTO "deal_details" VALUES (76,1,2,1,'うまい棒',10,0.1,'2024-02-05 21:19:27.655000');
INSERT INTO "deal_details" VALUES (77,1,1,2,'花串カステラ',30,0.1,'2024-02-05 21:19:27.655000');
INSERT INTO "deal_details" VALUES (78,1,4,2,'花串カステラ',30,0.1,'2024-02-12 07:17:59.236000');
INSERT INTO "deal_details" VALUES (79,1,30,8,'イカの姿フライ',50,0.1,'2024-02-12 07:17:59.236000');
INSERT INTO "deal_details" VALUES (80,1,1,6,'どんぐりガム',10,0.1,'2024-02-12 07:17:59.236000');
INSERT INTO "deal_details" VALUES (81,1,5,5,'クッピーラムネ',10,0.1,'2024-02-15 11:35:18.177000');
INSERT INTO "deal_details" VALUES (82,1,15,5,'クッピーラムネ',10,0.1,'2024-02-15 11:48:56.673000');
INSERT INTO "deal_details" VALUES (83,1,5,8,'イカの姿フライ',50,0.1,'2024-02-15 11:48:56.673000');
INSERT INTO "deal_details" VALUES (84,1,2,9,'やまとの味カレー',40,0.1,'2024-02-15 11:48:56.673000');
INSERT INTO "deal_details" VALUES (85,1,5,9,'やまとの味カレー',40,0.1,'2024-02-15 11:51:20.680000');
INSERT INTO "deal_details" VALUES (86,1,3,9,'やまとの味カレー',40,0.1,'2024-02-15 20:54:42.376000');
INSERT INTO "deal_details" VALUES (87,1,4,9,'やまとの味カレー',40,0.1,'2024-02-15 12:05:34.048000+00:00');
INSERT INTO "deal_details" VALUES (88,1,2,1,'うまい棒',10,0.1,'2024-02-05 21:19:27.655000+00:00');
INSERT INTO "deal_details" VALUES (89,1,1,2,'花串カステラ',30,0.1,'2024-02-05 21:19:27.655000+00:00');
INSERT INTO "deal_details" VALUES (90,1,1,4,'カットよっちゃん',20,0.1,'2024-02-15 14:14:22.143000+00:00');
INSERT INTO "deal_details" VALUES (91,1,1,6,'どんぐりガム',10,0.1,'2024-02-15 14:14:22.143000+00:00');
INSERT INTO "deal_details" VALUES (92,1,2,1,'うまい棒',10,0.1,'2024-02-05 21:19:27.655000+00:00');
INSERT INTO "deal_details" VALUES (93,1,1,2,'花串カステラ',30,0.1,'2024-02-05 21:19:27.655000+00:00');
INSERT INTO "deal_details" VALUES (94,1,2,1,'うまい棒',10,0.1,'2024-02-06 06:19:27.655000+09:00');
INSERT INTO "deal_details" VALUES (95,1,1,2,'花串カステラ',30,0.1,'2024-02-06 06:19:27.655000+09:00');
INSERT INTO "deal_details" VALUES (96,1,1,6,'どんぐりガム',10,0.1,'2024-02-15 23:20:09.583000+09:00');
INSERT INTO "deal_details" VALUES (97,1,1,9,'やまとの味カレー',40,0.1,'2024-02-15 23:20:09.583000+09:00');
INSERT INTO "deal_details" VALUES (98,1,1,9,'やまとの味カレー',40,0.1,'2024-02-15 23:29:57.678000+09:00');
INSERT INTO "deal_details" VALUES (99,1,1,1,'うまい棒',10,0.1,'2024-02-15 23:31:07.230000+09:00');
INSERT INTO "deal_details" VALUES (100,1,1,3,'ココアシガレット',30,0.1,'2024-02-15 23:31:07.230000+09:00');
INSERT INTO "deal_details" VALUES (101,1,2,3,'ココアシガレット',30,0.1,'2024-02-15 23:44:26.020000+09:00');
INSERT INTO "deal_details" VALUES (102,1,99,3,'ココアシガレット',30,0.1,'2024-02-16 21:05:19.081000+09:00');
INSERT INTO "deal_details" VALUES (103,1,3,7,'チロルチョコ',20,0.1,'2024-02-16 21:05:19.081000+09:00');
INSERT INTO "deal_details" VALUES (104,1,1,9,'やまとの味カレー',40,0.1,'2024-02-16 21:05:19.081000+09:00');
INSERT INTO "deal_details" VALUES (105,1,1,9,'やまとの味カレー',40,0.1,'2024-02-16 21:09:29.521000+09:00');
INSERT INTO "deal_details" VALUES (106,1,1,9,'やまとの味カレー',40,0.1,'2024-02-16 21:11:12.640000+09:00');
COMMIT;
